city_name,country_code,rand_lat,rand_lng,Latitude,Longitude,Temp (F),Humidity (%),Cloudiness (%),Wind Speed (mph)
arraial do cabo,br,-32.17999999997042,-29.75000000013665,-22.97,-42.02,72.52,88,75,5.82
isangel,vu,-20.109999999964245,178.5499999996739,-19.55,169.27,70.38,100,92,19.93
saint george,bm,29.39000000006108,-54.13000000011448,32.38,-64.68,80.6,78,75,12.75
srednekolymsk,ru,66.03000000007984,153.0399999996971,67.46,153.71,49.77,72,88,3.27
ixtapa,mx,9.560000000050934,-104.70000000006848,20.71,-105.21,87.8,70,90,14.99
sobolevo,ru,54.500000000073925,153.87999999969634,54.43,31.9,46.8,75,0,8.41
rikitea,pf,-23.769999999966117,-141.43000000003508,-23.12,-134.97,73.08,100,48,15.23
stanovoye,ru,52.840000000073076,38.12999999980161,52.76,38.34,46.08,67,12,6.96
chuy,uy,-52.77999999998096,-32.90000000013379,-33.69,-53.46,52.38,79,8,21.61
geraldton,ca,49.93000000007157,-88.15000000008354,49.72,-86.95,66.2,39,40,9.17
victoria,sc,-1.8699999999549135,61.599999999780266,-4.62,55.45,80.6,78,20,9.17
bilma,ne,21.59000000005709,12.659999999824777,18.69,12.92,84.42,18,0,7.29
albany,au,-87.53999999999874,117.69999999972924,-35.02,117.88,39.15,98,0,7.29
yellowknife,ca,69.37000000008152,-112.29000000006158,62.45,-114.38,59,38,20,14.99
gandajika,cd,-7.079999999957579,23.829999999814618,-6.75,23.95,66.78,50,0,9.08
hobart,au,-66.59999999998803,147.25999999970236,-42.88,147.33,55.4,62,75,11.41
drumheller,ca,51.56000000007242,-112.7100000000612,51.47,-112.7,78.84,34,36,17.25
puerto ayora,ec,-11.309999999959743,-99.56000000007316,-0.74,-90.35,82.4,54,20,19.46
saint-augustin,ca,57.44000000007543,-61.22000000010803,45.63,-73.98,69.22,56,75,10.29
ribeira grande,pt,28.050000000060393,-42.170000000125356,38.52,-28.7,66.2,59,20,9.17
ust-nera,ru,65.39000000007951,144.19999999970514,64.57,143.24,46.98,64,0,2.59
eldorado,br,-23.57999999996602,-54.05000000011455,-24.52,-48.11,62.82,100,92,5.73
tasiilaq,gl,65.22000000007941,-36.46000000013055,65.61,-37.64,41,86,92,4.7
qaanaaq,gl,89.71000000009195,-90.58000000008133,77.48,-69.36,30.06,98,0,7.18
camacha,pt,40.08000000006655,-17.70000000014761,33.08,-16.33,69.03,88,75,14.99
murchison,nz,-41.669999999975275,172.35999999967953,-41.8,172.33,28.8,80,0,1.7
severo-kurilsk,ru,30.200000000061493,170.77999999968097,50.68,156.12,37.53,100,88,14.12
chastyye,ru,57.37000000007538,55.02999999978624,57.29,54.97,46.53,55,0,6.06
bluff,nz,-71.19999999999038,158.80999999969185,-46.6,168.33,49.32,100,8,14.23
te anau,nz,-42.019999999975454,163.4799999996876,-45.41,167.72,21.24,72,0,2.48
ostersund,se,62.300000000077915,15.279999999822394,63.18,14.64,46.4,75,75,11.41
uribia,co,12.17000000005227,-71.51000000009867,11.71,-72.27,92.79,46,8,26.53
lamtah,tn,35.82000000006437,10.849999999826423,35.67,10.88,73.4,83,20,20.8
abnub,eg,27.330000000060025,29.779999999809206,27.27,31.15,80.6,32,0,13.87
mar del plata,ar,-55.449999999982325,-38.43000000012876,-46.43,-67.52,43.56,74,80,14.67
butaritari,ki,14.40000000005341,162.62999999968838,3.07,172.79,84.42,100,76,7.63
hermanus,za,-35.24999999997199,18.639999999819338,-34.42,19.24,49.23,93,36,2.37
hervey bay,au,-24.80999999996665,156.2299999996942,-25.3,152.85,69.3,91,80,12.77
bredasdorp,za,-37.039999999972906,19.42999999981862,-34.53,20.04,59,87,88,8.05
cape town,za,-42.27999999997559,6.799999999830106,-33.93,18.42,60.8,87,75,8.05
leningradskiy,ru,69.9000000000818,175.87999999967633,69.38,178.42,29.52,100,44,3.04
mount isa,au,-23.379999999965918,138.35999999971045,-20.73,139.49,44.6,70,0,3.36
torbay,ca,44.91000000006903,-51.72000000011667,47.66,-52.73,44.6,70,75,4.7
wajima,jp,39.47000000006625,134.93999999971356,37.4,136.9,66.51,91,36,2.93
punta arenas,cl,-79.61999999999469,-110.41000000006329,-53.16,-70.91,38.35,74,90,10.29
norman wells,ca,79.6300000000868,-118.420000000056,65.28,-126.83,66.2,29,40,9.17
avarua,ck,-27.249999999967898,-165.90000000001282,-21.21,-159.78,80.6,74,40,8.05
luderitz,na,-33.33999999997101,7.219999999829724,-26.65,15.16,57.69,68,20,2.37
miyako,jp,40.10000000006656,144.59999999970478,33.63,130.94,72.27,83,75,6.93
ushuaia,ar,-80.91999999999535,-30.41000000013605,-54.81,-68.31,41,56,40,19.46
darab,ir,28.830000000060792,55.079999999786196,28.75,54.55,68.85,28,24,2.37
lavrentiya,ru,78.09000000008598,-169.51000000000954,65.58,-170.99,34.92,88,76,17.81
vaini,to,-76.54999999999312,-172.54000000000678,-21.2,-175.2,68,100,90,17.22
esperance,au,-49.979999999979526,125.12999999972249,-33.86,121.89,48.06,85,100,4.72
marquette,us,46.50000000006983,-88.64000000008309,46.54,-87.4,57.96,55,5,14.99
new norfolk,au,-47.279999999978145,143.74999999970555,-42.78,147.06,55.4,62,75,11.41
georgetown,sh,-21.95999999996519,-21.860000000143827,-7.93,-14.42,79.38,100,8,20.49
arman,ru,57.940000000075685,148.57999999970116,59.7,150.17,44.6,70,0,2.24
strezhevoy,ru,61.19000000007736,78.30999999976507,60.73,77.6,71.6,46,0,8.95
tiksi,ru,76.03000000008495,130.31999999971777,71.64,128.87,36.9,93,36,4.05
castro,cl,-45.87999999997743,-83.250000000088,-42.48,-73.76,49.86,96,92,12.1
mangan,in,30.190000000061488,87.66999999975656,27.5,88.54,44.55,97,92,0.92
provideniya,ru,54.440000000073894,-170.23000000000889,64.42,-173.23,42.8,70,0,4.47
thompson,ca,72.00000000008288,-92.55000000007954,55.74,-97.86,66.2,39,20,6.93
tucumcari,us,35.82000000006437,-103.57000000006951,35.17,-103.73,95,19,1,4.7
iqaluit,ca,65.72000000007966,-73.09000000009723,63.75,-68.52,33.8,69,75,8.05
cidreira,br,-48.979999999979015,-28.920000000137406,-30.17,-50.22,56.7,73,0,17.47
pevek,ru,76.53000000008518,166.2399999996851,69.7,170.27,34.29,93,0,1.14
hamilton,bm,30.74000000006177,-68.08000000010179,32.3,-64.78,80.6,78,75,12.75
buldana,in,20.600000000056582,75.83999999976731,20.53,76.18,77.31,81,24,10.76
bethel,us,57.910000000075684,-162.02000000001635,60.79,-161.76,44.6,87,90,6.93
khatanga,ru,84.68000000008936,103.2399999997424,71.98,102.47,56.97,63,0,13.11
kutahya,tr,39.14000000006607,29.959999999809042,39.42,29.98,65.55,82,75,1.12
busselton,au,-62.289999999985824,91.56999999975301,-33.64,115.35,55.53,100,88,3.49
lorengau,pg,5.100000000048652,147.62999999970202,-2.02,147.27,83.88,100,68,7.63
roald,no,66.42000000008002,3.6399999998329804,62.58,6.12,52.5,93,75,4.7
sinnamary,gf,18.72000000005562,-43.040000000124564,5.38,-52.96,79.65,99,92,11.88
luganville,vu,-16.24999999996227,165.92999999968538,-15.51,167.18,75.6,100,88,4.72
sharan,af,32.410000000062624,68.17999999977428,33.15,68.78,52.38,34,0,5.39
tuktoyaktuk,ca,84.18000000008911,-139.27000000003704,69.44,-133.03,33.35,92,75,11.41
staraya mayna,ru,54.520000000073935,48.989999999791735,54.61,48.93,50,61,20,4.47
east london,za,-39.209999999974016,30.79999999980828,-33.02,27.91,70.02,100,0,16.8
adrar,dz,27.63000000006018,1.5999999998348358,27.87,-0.29,96.8,17,0,9.17
port alfred,za,-64.29999999998685,36.76999999980285,-33.59,26.89,66.15,87,36,15.12
qaqortoq,gl,64.13000000007884,-46.800000000121145,60.72,-46.03,42.8,81,75,3.36
millinocket,us,46.030000000069606,-68.42000000010148,45.66,-68.71,62.33,59,90,5.82
kaeo,nz,-28.519999999968547,173.51999999967848,-35.1,173.78,54.36,80,0,14.67
port blair,in,12.68000000005253,87.79999999975644,11.67,92.75,81.99,100,92,26.31
oktyabrskiy,ru,52.820000000073065,153.2599999996969,55.61,37.97,49.57,57,0,4.47
banyo,cm,7.330000000049793,11.669999999825677,6.75,11.81,67.68,90,68,2.71
kendari,id,-3.049999999955517,124.24999999972329,-3.99,122.52,69.21,96,24,1.92
corovode,al,40.42000000006672,20.239999999817883,40.5,20.23,58.23,91,12,1.81
pasni,pk,24.490000000058572,63.30999999977871,25.26,63.48,85.86,90,0,16.35
kutum,sd,15.850000000054152,25.799999999812826,14.2,24.66,70.92,15,0,10.65
nanortalik,gl,55.52000000007445,-44.030000000123664,60.14,-45.24,35.55,97,88,4.16
abreus,cu,22.12000000005736,-80.68000000009033,22.28,-80.57,86.59,62,40,10.29
atuona,pf,-5.449999999956745,-144.40000000003238,-9.8,-139.03,80.37,100,0,11.43
chara,ru,59.16000000007631,118.79999999972824,56.9,118.26,45.09,96,68,2.37
mount gambier,au,-49.59999999997933,132.85999999971546,-37.83,140.78,53.73,98,92,6.06
lebu,cl,-37.819999999973305,-101.11000000007175,-37.62,-73.65,53.1,100,92,19.37
fukue,jp,32.83000000006284,125.17999999972244,35.03,136.69,69.8,94,75,4.7
barrow,us,78.32000000008611,-145.84000000003107,39.51,-90.4,90.28,46,1,6.93
saint-philippe,re,-44.46999999997671,67.4999999997749,-21.36,55.77,74.35,69,0,6.93
skjervoy,no,70.06000000008189,20.709999999817455,70.03,20.97,39.2,86,75,19.46
tadine,nc,-21.129999999964767,168.34999999968318,-21.55,167.88,68.58,100,92,21.27
okha,ru,55.20000000007428,146.70999999970286,53.59,142.95,42.12,76,0,9.75
jamestown,sh,-30.61999999996962,-13.670000000151276,-15.94,-5.72,71.28,100,0,14.23
peleduy,ru,59.42000000007644,113.92999999973267,59.63,112.75,55.44,91,44,1.59
mingguang,cn,32.44000000006264,117.8499999997291,32.78,118.01,74.43,74,68,4.83
saskylakh,ru,70.59000000008217,113.26999999973327,71.97,114.09,57.42,64,0,13.22
sao jose da coroa grande,br,-12.349999999960275,-26.460000000139644,-8.9,-35.15,75.87,99,92,4.94
vila nova de milfontes,pt,37.62000000006529,-9.050000000155478,37.72,-8.78,63,96,92,12.1
cabo san lucas,mx,15.310000000053876,-115.66000000005852,22.89,-109.91,89.91,42,5,13.87
upernavik,gl,78.78000000008635,-58.14000000011083,72.79,-56.15,32.76,90,80,17.02
saint-pierre,pm,43.270000000068194,-54.640000000114014,46.77,-56.17,44.6,87,75,4.7
patos,br,-6.76999999995742,-37.400000000129694,-7.03,-37.28,79.2,60,0,9.75
kapaa,us,33.150000000063,-176.83000000000288,22.08,-159.32,76.03,83,90,12.75
upata,ve,5.620000000048918,-62.96000000010645,8.02,-62.41,82.35,69,20,8.41
rio grande,br,-39.69999999997427,-44.250000000123464,-32.03,-52.1,59,47,40,14.99
myitkyina,mm,27.370000000060045,98.54999999974666,25.38,97.4,73.44,100,92,2.59
humberto de campos,br,-1.2599999999546014,-43.09000000012452,-2.6,-43.46,83.25,87,64,18.59
pomezia,it,41.620000000067336,12.389999999825022,41.67,12.5,72.16,60,20,4.7
glendive,us,46.85000000007,-104.33000000006882,47.11,-104.71,84.2,51,20,12.75
hilo,us,13.610000000053006,-142.3900000000342,19.71,-155.08,80.6,69,75,10.29
bay roberts,ca,47.620000000070405,-53.25000000011528,47.58,-53.28,44.6,70,75,4.7
igrim,ru,63.41000000007847,65.25999999977694,63.19,64.42,46.62,82,92,8.19
salalah,om,15.970000000054213,52.8799999997882,17.01,54.1,82.4,88,40,6.93
sitka,us,54.370000000073844,-142.09000000003448,37.17,-99.65,90.63,42,100,20.38
ulladulla,au,-39.929999999974385,155.50999999969486,-35.36,150.48,48.2,100,0,5.82
pacifica,us,36.41000000006467,-125.94000000004917,37.61,-122.49,67.87,52,20,25.28
fairbanks,us,64.20000000007889,-146.85000000003015,64.84,-147.72,60.73,51,40,10.29
chokurdakh,ru,82.33000000008815,152.83999999969728,70.62,147.9,34.2,96,0,14.45
agirish,ru,62.44000000007799,61.799999999780084,61.92,63.02,43.38,100,92,9.98
lloydminster,ca,53.81000000007356,-110.15000000006353,53.28,-110.01,77,25,20,20.8
port moresby,pg,-12.529999999960367,145.73999999970374,-9.47,147.16,75.2,100,40,11.41
nikolskoye,ru,52.3000000000728,164.73999999968646,59.7,30.79,51.8,81,90,15.66
kikwit,cd,-5.199999999956617,17.799999999820102,-5.04,18.82,67.14,69,20,5.39
sayat,tm,37.92000000006544,64.23999999977787,38.78,63.88,86,27,0,13.87
alice springs,au,-25.819999999967166,134.59999999971387,-23.7,133.88,64.4,27,64,4.7
longyearbyen,sj,82.70000000008835,23.06999999981531,78.22,15.64,35.6,64,20,17.22
fereydun kenar,ir,37.56000000006526,52.649999999788406,36.69,52.52,71.6,88,0,2.24
lagoa vermelha,br,-28.34999999996846,-51.40000000011696,-28.21,-51.53,47.16,75,0,8.97
pleshanovo,ru,52.910000000073126,53.35999999978776,57.46,28.17,57.2,47,64,8.95
bintulu,my,2.9400000000475472,114.13999999973248,3.17,113.03,77,94,75,6.93
arak,ir,34.42000000006365,49.329999999791426,34.1,49.69,55.8,71,0,3.04
kruisfontein,za,-64.22999999998682,27.659999999811134,-34,24.73,62.46,97,56,16.46
katsuura,jp,23.88000000005826,147.18999999970242,33.93,134.5,68.13,94,80,4.94
arkhangelsk,ru,66.10000000007986,40.249999999799684,64.54,40.54,39.2,93,40,2.24
zhigansk,ru,67.3400000000805,126.14999999972156,66.77,123.37,63.18,46,0,8.52
kununurra,au,-19.37999999996387,131.11999999971704,-15.77,128.74,57.2,76,0,8.41
sigli,id,5.480000000048847,96.14999999974884,5.38,95.96,78.66,91,20,2.15
ejura,gh,7.610000000049936,-1.4000000001624358,7.38,-1.37,79.2,83,8,10.31
bubaque,gw,5.960000000049092,-21.690000000143982,11.28,-15.83,86,66,0,6.93
cayenne,gf,9.020000000050658,-44.360000000123364,4.94,-52.33,80.6,94,90,3.36
gamba,ga,-5.999999999957026,6.809999999830097,-2.72,10.02,76.14,98,0,10.09
kodiak,us,51.160000000072216,-144.2700000000325,39.95,-94.76,86,55,1,8.05
almenara,br,-16.34999999996232,-40.13000000012721,-16.17,-40.69,75.69,73,12,4.16
bruntal,cz,49.92000000007158,17.519999999820357,49.99,17.46,68,56,0,4.7
zaranj,af,30.850000000061826,62.05999999977985,30.95,61.86,95,12,0,20.8
eureka,us,41.30000000006717,-138.46000000003778,40.8,-124.16,61.68,59,1,13.87
mbeya,tz,-8.789999999958454,33.189999999806105,-8.91,33.47,42.3,87,0,2.37
hasaki,jp,32.70000000006277,150.2899999996996,35.73,140.83,64.4,100,40,4.7
conceicao do araguaia,br,-9.159999999958643,-49.70000000011851,-8.26,-49.26,95,41,75,2.24
bukachacha,ru,53.52000000007342,116.26999999973054,52.99,116.91,53.82,85,8,2.37
ozernovskiy,ru,51.060000000072165,156.5599999996939,51.5,156.52,40.05,95,88,7.63
sao filipe,cv,4.400000000048294,-28.110000000138143,14.9,-24.5,76.32,90,36,7.4
vokhma,ru,58.730000000076075,46.559999999793945,58.93,46.76,43.38,71,24,4.61
los llanos de aridane,es,28.560000000060654,-26.560000000139553,28.66,-17.92,68,77,20,16.11
qinggang,cn,46.59000000006989,125.8899999997218,28.25,121.28,70.92,100,76,3.94
clyde river,ca,70.44000000008208,-75.50000000009504,70.47,-68.59,33.8,80,75,34.45
maple creek,ca,50.5400000000719,-109.36000000006425,49.91,-109.46,72.54,59,20,9.42
kapchorwa,ug,1.4900000000468054,34.849999999804595,1.4,34.45,59.85,100,92,2.93
saldanha,za,-42.2999999999756,-3.99000000016008,-33.01,17.94,60.8,77,56,1.12
sironj,in,24.220000000058434,77.68999999976563,24.1,77.69,78.93,67,68,2.93
kathu,th,7.110000000049681,96.89999999974816,7.91,98.33,78.8,83,75,1.12
byron bay,au,-28.869999999968726,155.98999999969442,-28.65,153.62,59,87,40,6.93
xique-xique,br,-10.739999999959451,-42.830000000124755,-10.82,-42.73,81.36,50,0,6.85
cocorit,mx,28.16000000006045,-110.08000000006359,27.57,-109.96,95,32,5,13.87
mahebourg,mu,-44.269999999976605,72.26999999977056,-20.41,57.7,75.2,83,75,2.24
carnarvon,au,-27.619999999968087,93.58999999975117,-24.87,113.63,61.38,100,36,9.19
boa vista,br,3.010000000047583,-60.58000000010861,2.82,-60.67,87.8,62,40,6.93
sechura,pe,-7.489999999957789,-83.05000000008818,-5.56,-80.82,73.44,81,0,11.77
mariinsk,ru,56.56000000007498,87.82999999975641,56.21,87.75,58.23,68,0,5.73
date,jp,42.63000000006787,140.96999999970808,42.53,140.93,59,93,75,2.24
hambantota,lk,2.210000000047174,87.24999999975694,6.12,81.12,79.56,100,92,19.26
dikson,ru,75.29000000008455,76.90999999976634,73.51,80.55,32.85,95,88,15.79
hirtshals,dk,58.010000000075706,10.059999999827141,57.59,9.96,62.55,82,12,4.72
praya,id,-12.629999999960418,116.0999999997307,-8.71,116.27,73.4,94,90,9.86
povolzhskiy,ru,53.640000000073485,49.83999999979096,53.59,49.76,48.2,61,0,4.47
eston,ca,50.70000000007198,-108.54000000006499,51.15,-108.75,82.4,15,90,21.92
seoul,kr,37.11000000006503,125.82999999972185,37.57,126.98,65.12,82,90,3.36
kenai,us,65.23000000007943,-153.77000000002386,60.55,-151.26,58.15,71,1,11.41
vardo,no,88.95000000009156,37.829999999801885,70.37,31.11,38.62,80,75,13.87
talnakh,ru,77.71000000008581,89.77999999975464,69.49,88.39,41.67,72,12,19.04
pochutla,mx,7.600000000049931,-97.56000000007498,15.74,-96.47,84.2,74,90,5.73
nishihara,jp,19.42000000005598,136.4499999997122,35.74,139.53,69.8,94,20,9.17
letterkenny,ie,55.14000000007425,-8.000000000156433,54.95,-7.73,60.8,82,20,9.17
turinsk,ru,58.110000000075786,64.03999999977805,58.04,63.7,47.25,73,0,8.97
souillac,mu,-46.009999999977495,72.04999999977076,-20.52,57.52,75.2,83,75,2.24
mogadishu,so,0.6000000000463501,49.56999999979121,2.04,45.34,79.47,100,92,18.59
hobyo,so,3.530000000047849,47.679999999792926,5.35,48.53,77.85,78,24,18.48
birjand,ir,33.350000000063105,59.21999999978243,32.86,59.22,80.6,21,0,13.87
kabompo,zm,-13.379999999960802,24.369999999814127,-13.6,24.21,49.14,67,0,4.94
leshukonskoye,ru,66.04000000007983,45.64999999979477,64.9,45.76,38.25,89,56,1.81
mountain home,us,43.94000000006852,-115.34000000005881,43.13,-115.69,83.95,22,40,6.93
hovd,mn,46.29000000006971,101.49999999974398,48.01,91.64,51.3,31,48,6.73
san cristobal,ec,-2.179999999955072,-89.34000000008245,-1.02,-79.44,67.77,98,68,2.71
mangrol,in,16.45000000005446,66.21999999977606,25.33,76.51,88.92,48,88,2.82
teterow,de,53.73000000007352,12.629999999824804,53.77,12.58,69.8,46,20,9.17
luanda,ao,-9.189999999958658,11.009999999826277,-8.83,13.24,75.2,83,0,9.17
belaya gora,ru,68.49000000008107,146.80999999970277,68.54,146.19,50.76,49,0,14
tabou,ci,-0.7699999999543508,-4.710000000159425,4.42,-7.36,76.23,100,76,6.73
pecos,us,30.360000000061575,-103.22000000006983,31.42,-103.49,101.19,15,1,11.41
aykhal,ru,70.49000000008209,108.25999999973783,65.95,111.51,59.04,81,0,4.94
megion,ru,59.91000000007671,75.44999999976767,61.04,76.11,71.6,46,0,11.18
tonota,bw,-21.479999999964946,27.40999999981136,-21.44,27.46,43.56,76,0,2.26
marsa matruh,eg,27.140000000059928,25.94999999981269,31.35,27.25,73.4,78,0,5.82
jaisalmer,in,26.32000000005951,70.9099999997718,26.91,70.91,93.06,41,0,15.46
loreto,mx,26.760000000059733,-110.9500000000628,22.27,-101.99,84.33,23,0,9.42
taoudenni,ml,26.860000000059784,-4.790000000159353,22.68,-3.98,85.95,13,8,7.18
cherskiy,ru,72.38000000008307,162.03999999968892,68.75,161.3,38.16,79,76,4.61
shemonaikha,kz,50.47000000007188,81.54999999976212,50.63,81.92,58.86,66,80,2.82
villa carlos paz,ar,-31.00999999996982,-65.41000000010422,-31.42,-64.5,60.8,37,0,11.41
rocha,uy,-38.80999999997381,-51.550000000116825,-34.48,-54.34,47.97,69,0,17.02
guerrero negro,mx,25.260000000058966,-119.6300000000549,27.97,-114.04,73.98,56,0,14.23
port macquarie,au,-32.01999999997034,154.29999999969596,-31.43,152.91,51.8,93,90,5.82
boa esperanca do sul,br,-21.95999999996519,-48.44000000011965,-21.99,-48.39,68.04,81,88,11.43
mwense,zm,-10.69999999995943,29.13999999980979,-10.39,28.7,57.24,48,0,5.39
kangavar,ir,34.43000000006366,47.86999999979275,34.5,47.96,50.04,51,36,2.93
vao,nc,-25.74999999996713,167.94999999968354,-22.67,167.48,71.37,100,48,22.28
faanui,pf,-3.469999999955732,-150.99000000002638,-16.48,-151.75,81.63,100,92,11.99
burns lake,ca,54.580000000073966,-125.60000000004948,54.23,-125.76,56.43,59,44,2.15
ilulissat,gl,75.70000000008477,-44.57000000012317,69.22,-51.1,35.6,93,75,5.82
husavik,is,77.45000000008565,-8.330000000156133,66.04,-17.34,55.4,71,0,10.29
karratha,au,-15.999999999962142,115.23999999973148,-20.74,116.85,63.18,92,92,7.4
ajdabiya,ly,31.07000000006194,19.5599999998185,30.75,20.22,93.87,15,0,14.67
nakhon thai,th,17.190000000054837,101.0299999997444,17.1,100.84,71.82,98,92,1.36
labuhan,id,-11.809999999959999,100.77999999974463,-2.54,115.51,72.36,99,20,1.92
nyurba,ru,61.95000000007775,119.3999999997277,63.29,118.35,65.07,59,0,3.83
bambous virieux,mu,-31.839999999970246,71.0199999997717,-20.34,57.76,75.2,83,75,2.24
port elizabeth,za,-47.73999999997838,27.26999999981149,-33.92,25.57,60.8,82,0,19.46
moose factory,ca,52.830000000073085,-80.14000000009082,51.26,-80.61,62.6,36,40,12.75
tual,id,-8.389999999958249,134.75999999971373,-5.67,132.75,80.55,100,80,14.12
morristown,us,44.45000000006877,-72.44000000009783,36.21,-83.29,84.2,30,1,4.72
beneditinos,br,-5.379999999956709,-42.42000000012513,-5.46,-42.36,91.4,43,0,4.7
pyaozerskiy,ru,65.68000000007964,31.769999999807396,65.83,31.17,43.56,63,64,6.62
okhotsk,ru,57.37000000007538,142.18999999970697,59.36,143.24,47.52,80,0,3.38
villa del rosario,ve,10.14000000005123,-71.95000000009827,10.32,-72.31,82.62,59,24,7.07
atar,mr,22.92000000005777,-12.520000000152322,20.52,-13.05,93.24,18,48,7.74
onega,ru,64.95000000007929,38.56999999980121,63.91,38.09,42.57,100,92,1.59
nouadhibou,mr,19.99000000005627,-15.71000000014942,20.93,-17.03,73.4,60,20,16.11
manono,cd,-8.259999999958183,26.82999999981189,-7.3,27.4,73.08,38,0,13
xining,cn,34.07000000006347,99.11999999974614,36.62,101.77,36,95,76,0.69
komsomolskiy,ru,81.6200000000878,174.53999999967755,67.55,63.78,32.04,89,24,3.38
yinchuan,cn,37.49000000006522,107.02999999973895,38.48,106.21,61.47,30,92,8.63
san juan bautista,py,-26.819999999967678,-57.16000000011172,-26.67,-57.15,58.77,66,0,5.95
mitsamiouli,km,-9.119999999958623,44.449999999795864,-11.38,43.28,77,61,20,11.41
whitehorse,ca,62.71000000007814,-130.90000000004466,60.72,-135.06,55.4,43,75,11.41
itarema,br,8.780000000050535,-38.630000000128575,-2.92,-39.92,81.36,75,0,14
dalvik,is,67.03000000008035,-18.25000000014711,65.97,-18.53,55.4,71,0,10.29
rio cuarto,ar,-33.399999999971044,-64.64000000010492,-33.13,-64.35,57.2,30,0,9.17
uyskoye,ru,54.510000000073944,59.83999999978187,54.37,60.01,48.69,59,0,8.63
timbiqui,co,3.18000000004767,-77.68000000009306,2.77,-77.67,79.11,97,88,5.17
poum,nc,-18.079999999963206,162.9399999996881,-20.23,164.02,72.36,100,12,19.37
basoko,cd,0.9700000000465394,23.809999999814636,1.23,23.61,78.3,74,0,1.92
riberalta,bo,-10.57999999995937,-66.52000000010321,-11,-66.08,78.8,65,75,4.7
athabasca,ca,57.83000000007564,-112.84000000006108,54.72,-113.29,80.1,35,0,11.99
santa rosa,ar,-37.37999999997308,-65.49000000010415,-36.62,-64.29,50.4,45,8,5.95
diamantino,br,-14.129999999961186,-56.55000000011228,-14.4,-56.44,77.76,69,8,7.18
chicama,pe,-8.619999999958367,-81.8100000000893,-7.84,-79.15,68,82,90,9.17
haradok,by,55.27000000007433,29.629999999809343,55.46,29.99,49.05,65,0,9.19
dunedin,nz,-50.389999999979736,174.16999999967788,-45.87,170.5,22.32,86,8,4.61
de land,us,29.14000000006095,-81.20000000008986,40.12,-88.65,90.32,49,40,4.7
lima,pe,-13.599999999960914,-79.36000000009153,-12.06,-77.04,67.86,62,0,2.93
bathsheba,bb,12.6200000000525,-53.28000000011525,13.22,-59.52,86,66,20,18.34
caranavi,bo,-15.75999999996202,-66.76000000010299,-15.83,-67.57,63.27,88,92,1.81
aswan,eg,22.500000000057554,28.019999999810807,24.09,32.9,93.2,13,0,6.93
comodoro rivadavia,ar,-43.759999999976344,-68.06000000010181,-45.87,-67.48,44.6,98,0,2.24
semporna,my,4.230000000048207,118.6299999997284,4.48,118.61,78.8,94,75,3.36
touros,br,0.7100000000464064,-27.880000000138352,-5.2,-35.46,80.73,82,88,13.67
north bend,us,42.320000000067694,-133.51000000004228,43.41,-124.22,61.29,55,75,6.93
klaksvik,fo,61.77000000007763,-4.420000000159689,62.23,-6.59,50,76,0,8.05
kiunga,pg,-6.409999999957236,141.4899999997076,-6.12,141.3,72.45,96,80,2.26
lethem,gy,3.000000000047578,-58.66000000011036,3.38,-59.8,84.06,74,64,10.76
vostok,ru,50.45000000007184,151.32999999969866,46.45,135.83,50.94,99,92,2.37
bow island,ca,50.170000000071695,-111.2800000000625,49.87,-111.38,84.2,26,75,9.17
fort nelson,ca,59.570000000076504,-122.830000000052,58.81,-122.69,60.8,44,90,3.36
platteville,us,43.06000000006807,-90.76000000008116,42.73,-90.48,82.42,54,75,3.36
port hardy,ca,48.86000000007104,-129.70000000004575,50.7,-127.42,55.4,76,90,10.29
kailahun,sl,8.580000000050433,-10.520000000154141,8.28,-10.57,71.28,100,92,4.61
aklavik,ca,68.340000000081,-138.70000000003756,68.22,-135.01,41.27,87,75,13.87
hofn,is,71.8400000000828,-9.800000000154796,64.25,-15.21,50,87,75,12.75
saint albans,us,38.40000000006569,-81.85000000008927,44.81,-73.08,70.48,49,1,3.36
broome,au,-15.109999999961687,123.48999999972398,-17.97,122.23,59,100,0,1.12
boden,se,66.67000000008017,21.5399999998167,65.83,21.69,48.2,45,0,6.93
alfredo chaves,br,-20.54999999996447,-40.65000000012674,-20.64,-40.75,78.8,78,0,11.41
puerto escondido,mx,7.1900000000497215,-99.36000000007334,15.86,-97.07,84.2,74,40,13.87
lewistown,us,46.94000000007006,-108.60000000006494,40.39,-90.15,88.74,48,1,6.93
ostrovnoy,ru,68.36000000008102,38.939999999800875,68.05,39.51,37.35,96,88,4.94
falam,mm,22.9800000000578,93.57999999975118,22.91,93.68,68.76,99,92,0.92
cockburn town,tc,23.98000000005831,-68.44000000010146,21.46,-71.14,80.73,97,88,17.02
kedgwick,ca,47.37000000007026,-66.78000000010297,47.65,-67.35,64.44,52,8,8.63
weymouth,gb,50.53000000007188,-2.8100000001611534,50.61,-2.45,61.39,82,75,3.36
vernon,fr,49.06000000007114,1.4999999998349267,49.09,1.49,67.71,68,40,3.6
kigoma,tz,-4.829999999956428,28.49999999981037,-4.88,29.64,69.8,83,20,5.28
lapeer,us,43.04000000006806,-83.26000000008798,43.05,-83.32,80.6,34,1,5.82
nome,us,65.77000000007968,-161.9800000000164,30.04,-94.42,91.38,49,40,3.36
somerset,us,36.98000000006496,-84.75000000008663,41.77,-71.13,66.2,52,75,9.17
oksfjord,no,72.41000000008307,21.7599999998165,70.24,22.35,37.96,86,75,19.46
omboue,ga,-1.9699999999549647,8.419999999828633,-1.57,9.26,77.31,100,0,11.54
waipawa,nz,-46.029999999977505,179.23999999967327,-39.94,176.59,48.15,94,92,12.77
perivolion,gr,38.8200000000659,19.609999999818456,39.42,20.01,77,78,20,2.24
tuatapere,nz,-49.099999999979076,160.43999999969037,-46.13,167.69,36.36,100,8,5.84
poya,nc,-26.56999999996755,161.08999999968978,-21.35,165.16,70.74,100,88,22.95
port lincoln,au,-38.249999999973525,133.06999999971526,-34.72,135.86,59.31,99,88,8.97
kaspiyskiy,ru,45.36000000006925,47.64999999979295,45.39,47.37,68.13,68,76,11.54
san policarpo,ph,16.47000000005447,132.0499999997162,12.18,125.51,79.83,100,48,18.48
port augusta,au,-29.139999999968865,138.6399999997102,-32.49,137.76,53.6,93,90,5.82
kaitangata,nz,-72.11999999999085,175.62999999967656,-46.28,169.85,32.67,68,0,4.16
laurel,us,45.74000000006944,-109.47000000006415,31.69,-89.13,90.61,38,1,3.94
baie-comeau,ca,49.7600000000715,-67.72000000010212,49.22,-68.15,58.73,71,75,12.75
san patricio,mx,10.090000000051205,-108.8600000000647,19.22,-104.7,89.6,70,75,9.17
rafai,cf,4.9500000000485755,24.269999999814218,4.95,23.92,72,87,68,4.27
wolnzach,de,48.560000000070886,11.58999999982575,48.61,11.62,64.45,100,75,3.36
korla,cn,36.57000000006475,86.13999999975795,41.76,86.15,52.2,82,0,3.15
ponta do sol,cv,24.3500000000585,-24.21000000014169,17.2,-25.09,73.26,96,32,13.67
saba,hn,15.350000000053896,-86.2100000000853,15.52,-86.23,79.11,87,64,2.15
mbandaka,cd,0.23000000004616084,18.75999999981923,0.05,18.26,76.5,75,0,2.37
yoichi,jp,44.50000000006881,140.11999999970885,43.19,140.77,58.32,95,100,5.39
hithadhoo,mv,-16.73999999996252,81.43999999976222,-0.6,73.08,82.98,100,8,11.77
havre-saint-pierre,ca,50.29000000007176,-64.68000000010488,50.23,-63.6,53.6,54,75,12.75
vysokogornyy,ru,49.360000000071295,138.90999999970995,50.1,139.13,36.9,78,64,4.5
tettnang,de,47.720000000070456,9.629999999827533,47.67,9.59,67.1,82,68,2.24
tarko-sale,ru,65.30000000007945,77.289999999766,64.92,77.78,65.7,57,0,17.47
ebolowa,cm,3.1500000000476547,11.289999999826023,2.92,11.15,69.39,100,76,1.03
shangrao,cn,27.900000000060317,118.36999999972863,28.45,117.97,69.48,96,92,2.26
kahului,us,34.10000000006349,-144.99000000003184,20.89,-156.47,77.54,74,40,20.8
kalabo,zm,-16.099999999962193,21.32999999981689,-15,22.67,54.45,52,0,9.98
alofi,nu,-20.149999999964265,-171.3100000000079,-19.06,-169.92,80.6,83,40,6.93
oussouye,sn,11.280000000051814,-19.420000000146047,12.49,-16.54,81.25,78,40,11.41
sisimiut,gl,65.94000000007978,-57.04000000011183,66.94,-53.67,34.65,100,92,2.71
walvis bay,na,-26.249999999967386,5.549999999831243,-22.95,14.51,68,87,0,9.17
chernyshevskiy,ru,64.34000000007896,111.56999999973482,63.01,112.47,57.24,60,0,5.95
khorramshahr,ir,30.460000000061626,47.72999999979288,30.43,48.18,102.02,20,0,6.93
krasnoshchekovo,ru,51.24000000007226,82.93999999976086,51.67,82.73,56.07,71,0,3.15
baykit,ru,63.990000000078794,94.33999999975049,61.68,96.39,52.83,87,56,2.71
yerbogachen,ru,60.670000000077096,109.6099999997366,61.28,108.01,61.29,87,56,3.04
sinjar,iq,35.81000000006436,40.919999999799074,36.32,41.88,72.9,43,0,3.38
pangai,to,-19.29999999996383,-174.34000000000515,-19.8,-174.35,80.6,88,40,5.82
pangnirtung,ca,65.06000000007933,-64.550000000105,66.15,-65.72,33.8,80,75,9.17
antalaha,mg,-14.379999999961314,55.059999999786214,-14.9,50.28,72.36,94,64,1.81
kindia,gn,10.030000000051174,-12.890000000151986,10.05,-12.86,70.65,99,92,2.82
kashi,cn,38.66000000006582,75.57999999976755,39.45,75.98,73.4,31,36,11.18
atikokan,ca,47.790000000070506,-91.6000000000804,48.76,-91.62,73.08,49,12,3.83
guiratinga,br,-16.669999999962485,-54.13000000011448,-16.35,-53.76,80.73,51,8,9.19
pratapgarh,in,24.050000000058347,74.6399999997684,25.92,82,83.52,74,32,5.5
hualmay,pe,-11.299999999959738,-78.45000000009236,-11.1,-77.61,68.31,72,20,4.72
dumai,id,1.89000000004701,100.84999999974457,1.68,101.45,78.48,96,24,2.82
cuamba,mz,-13.299999999960761,36.97999999980266,-14.8,36.54,53.46,94,0,4.94
padang,id,-0.39999999995416147,99.51999999974578,-0.92,100.36,76.5,100,92,3.94
harper,lr,0.3200000000462069,-8.230000000156224,4.38,-7.71,75.51,100,68,0.69
dongsheng,cn,38.990000000066004,110.3799999997359,29.72,112.52,74.61,94,80,2.93
muros,es,45.100000000069116,-13.320000000151595,42.77,-9.06,55.4,93,40,5.82
ahipara,nz,-33.78999999997124,171.55999999968026,-35.17,173.16,57.15,90,0,18.25
tahoua,ne,14.740000000053584,5.0999999998316525,14.89,5.26,81.9,71,0,2.71
sazonovo,ru,59.18000000007632,35.10999999980436,54.2,39.81,46.08,67,0,8.75
hammerfest,no,71.0800000000824,23.569999999814854,70.66,23.68,38.44,86,75,12.75
moyale,et,4.410000000048299,39.919999999799984,3.52,39.05,60.12,92,0,0.69
swindon,gb,51.44000000007236,-1.89000000016199,51.56,-1.79,61.61,82,90,4.7
razdolinsk,ru,58.55000000007601,94.23999999975058,58.42,94.62,47.43,87,0,2.93
coquimbo,cl,-28.83999999996871,-72.22000000009803,-29.95,-71.34,53.6,87,0,12.75
san juan,us,23.500000000058066,-66.16000000010354,26.19,-98.16,97.14,33,1,10.29
naron,es,44.30000000006871,-7.940000000156488,43.52,-8.15,57.2,87,90,1.12
uvira,cd,-3.7499999999558753,28.26999999981058,-3.41,29.14,58.59,100,0,3.15
kungurtug,ru,47.32000000007025,97.21999999974787,50.6,97.53,37.44,72,8,3.27
bhadrachalam,in,17.9000000000552,80.85999999976275,17.67,80.89,79.65,82,68,12.77
sharjah,ae,24.60000000005863,56.839999999784595,25.36,55.39,95.45,32,0,4.7
college,us,72.58000000008317,-147.04000000002998,64.86,-147.8,60.71,51,40,10.29
iquique,cl,-20.929999999964664,-70.21000000009985,-20.22,-70.14,60.8,72,75,10.29
kavieng,pg,-1.8599999999549084,150.19999999969968,-2.57,150.8,84.15,100,64,4.61
mayo,ca,63.87000000007873,-138.49000000003775,63.59,-135.9,59,51,75,4.7
karpogory,ru,63.950000000078774,44.6299999997957,64,44.44,40.59,73,88,2.59
victor harbor,au,-38.93999999997388,137.0999999997116,-35.55,138.62,55.4,87,75,10.29
muncar,id,-9.989999999959068,113.97999999973263,-8.43,114.34,77.22,98,92,5.06
brynmawr,gb,51.940000000072615,-3.260000000160744,51.8,-3.17,58.41,93,92,9.17
nortelandia,br,-13.389999999960807,-57.66000000011127,-14.45,-56.8,75.42,78,76,7.29
morros,br,-8.869999999958495,-46.76000000012118,-2.87,-44.04,84.2,74,40,13.87
kanye,bw,-24.999999999966747,24.759999999813772,-24.98,25.34,40.23,66,0,4.72
kantemirovka,ru,49.72000000007148,40.05999999979986,49.7,39.85,53.1,69,24,3.94
margate,za,-34.95999999997184,35.729999999803795,-30.86,30.37,64.44,78,0,7.52
cap malheureux,mu,-15.639999999961958,59.149999999782494,-19.98,57.61,75.2,83,75,2.24
xichang,cn,29.280000000061023,99.87999999974545,27.88,102.25,59.76,79,100,1.59
seminole,us,26.8900000000598,-85.35000000008608,32.72,-102.64,96.8,16,1,6.93
linxia,cn,34.3200000000636,103.52999999974213,35.6,103.21,38.43,95,80,2.82
chake chake,tz,-6.059999999957057,42.99999999979718,-5.25,39.77,79.02,99,0,20.04
gharghoda,in,22.30000000005745,83.24999999976058,22.18,83.36,74.52,96,68,2.15
beringovskiy,ru,56.92000000007516,179.3199999996732,63.05,179.32,35.73,99,56,6.06
vestmanna,fo,67.66000000008066,-9.660000000154923,62.16,-7.17,48.2,81,0,3.36
santa teresa,br,-19.80999999996409,-40.520000000126856,-19.94,-40.6,78.8,78,0,11.41
nemuro,jp,40.640000000066834,149.2899999997005,43.32,145.57,54.9,91,80,5.95
sur,om,14.540000000053482,63.52999999977851,22.57,59.53,90.09,78,32,6.51
prince rupert,ca,53.02000000007317,-129.9800000000455,54.32,-130.32,55.4,76,90,6.93
vila franca do campo,pt,31.62000000006222,-25.910000000140144,37.72,-25.43,64.4,63,40,9.17
manokwari,id,-1.4399999999546935,133.92999999971448,-0.87,134.08,82.62,97,92,12.77
changchun,cn,43.77000000006842,125.07999999972253,43.88,125.32,62.6,72,40,4.47
stokmarknes,no,70.49000000008209,13.839999999823704,68.56,14.91,42.8,70,75,8.05
mabaruma,gy,7.7100000000499875,-59.47000000010962,8.2,-59.78,80.46,85,92,8.97
liverpool,ca,40.960000000067,-63.07000000010635,44.04,-64.71,52.83,82,0,11.65
ponta delgada,pt,31.450000000062133,-26.690000000139435,37.73,-25.67,64.4,63,40,9.17
morro bay,us,33.91000000006339,-123.41000000005147,35.37,-120.85,70.86,46,1,14.99
ganzhou,cn,26.140000000059416,115.18999999973153,25.86,114.93,71.55,99,92,2.48
fillan,no,63.51000000007855,9.04999999982806,63.6,8.98,48.2,93,75,5.82
lahr,de,48.290000000070734,7.889999999829115,48.34,7.87,68,82,20,3.36
faaborg,dk,54.97000000007415,10.279999999826941,55.1,10.24,60.78,67,0,1.12
taft,ir,31.52000000006217,53.03999999978805,31.75,54.22,87.8,9,0,11.41
neftcala,az,38.930000000065945,50.329999999790516,39.37,49.25,71.01,77,0,12.66
skelleftea,se,64.26000000007892,21.039999999817155,64.75,20.95,48.2,66,0,6.62
progreso,mx,23.230000000057927,-90.8300000000811,20.25,-99.19,81.36,31,0,8.19
abu dhabi,ae,23.630000000058132,52.80999999978826,24.47,54.37,95.94,50,0,2.24
tateyama,jp,28.390000000060567,142.09999999970705,36.66,137.31,61.65,87,24,2.37
minsk,by,53.740000000073536,27.95999999981086,53.9,27.56,48.2,70,0,4.47
pimenta bueno,br,-12.599999999960403,-61.070000000108166,-11.68,-61.19,79.65,75,0,2.71
berlevag,no,74.12000000008396,29.539999999809424,70.86,29.09,39.78,80,75,20.8
scarborough,tt,10.810000000051573,-58.78000000011025,11.18,-60.73,86,62,20,16.11
khandyga,ru,65.14000000007937,137.80999999971095,62.65,135.58,59.22,51,36,2.93
navoloki,ru,57.65000000007552,41.83999999979824,57.47,41.96,51.12,57,80,12.77
praia da vitoria,pt,45.70000000006942,-24.810000000141144,38.73,-27.07,64.4,77,40,14.79
narsaq,gl,74.8100000000843,-65.2100000001044,60.91,-46.05,42.8,81,75,3.36
abha,sa,19.260000000055896,40.87999999979911,18.22,42.5,76.14,41,0,16.11
jevargi,in,17.06000000005477,76.75999999976648,17.02,76.77,71.37,98,92,7.18
dudinka,ru,71.32000000008253,85.50999999975852,69.41,86.18,41.13,78,44,24.63
ugoofaaru,mv,5.050000000048627,67.30999999977507,5.67,73,84.33,96,88,19.82
siemiatycze,pl,52.26000000007278,22.64999999981569,52.43,22.86,56.61,55,0,6.62
yuryuzan,ru,54.580000000073966,58.389999999783186,54.87,58.43,46.98,55,80,5.61
bartica,gy,7.000000000049624,-59.24000000010983,6.41,-58.62,84.2,74,40,11.41
pyapon,mm,14.530000000053477,96.0799999997489,16.29,95.68,78.12,100,92,12.77
turukhansk,ru,63.850000000078694,88.67999999975564,65.8,87.96,53.82,65,0,15.46
mehamn,no,79.4600000000867,28.789999999810107,71.03,27.85,41,75,75,17.22
kitami,jp,43.340000000068216,143.95999999970536,43.8,143.9,54.9,97,92,4.27
cetraro,it,39.61000000006629,15.989999999821748,39.52,15.94,63.54,90,8,2.93
chimbote,pe,-11.399999999959789,-83.72000000008757,-9.08,-78.59,66.96,87,0,7.07
emerald,au,-25.2999999999669,145.3399999997041,-23.53,148.16,53.19,94,24,9.19
banda aceh,id,3.0500000000476035,89.75999999975465,5.56,95.32,77.04,95,20,4.83
apac,ug,1.880000000047005,32.299999999806914,1.98,32.53,68.04,98,68,6.73
kota belud,my,6.350000000049292,116.47999999973035,6.35,116.43,78.8,78,75,3.36
chifeng,cn,44.47000000006881,118.68999999972834,42.27,118.96,51.21,77,0,3.49
lodja,cd,-2.0299999999549954,22.29999999981601,-3.52,23.6,71.82,58,0,3.71
grindavik,is,53.22000000007327,-31.310000000135233,63.84,-22.43,49.15,100,75,11.41
tezu,in,31.5800000000622,96.9599999997481,27.93,96.16,69.93,83,88,1.14
ust-kan,ru,50.940000000072104,85.13999999975886,50.93,84.77,42.21,89,20,1.81
sao joao da barra,br,-32.79999999997074,-25.950000000140108,-21.64,-41.05,75.2,78,0,13.87
careiro da varzea,br,-2.959999999955471,-59.81000000010931,-3.2,-59.81,80.6,83,40,4.7
olean,us,41.79000000006744,-77.95000000009281,42.08,-78.43,70.7,37,40,4.7
guarapuava,br,-25.079999999966788,-51.570000000116806,-25.4,-51.46,53.82,85,0,5.95
dubbo,au,-30.079999999969345,146.2299999997033,-32.25,148.6,48.2,87,76,6.93
kassala,sd,15.480000000053963,35.959999999803586,15.45,36.38,75.15,33,0,2.59
marovoay,mg,-15.719999999961999,47.38999999979319,-16.11,46.64,75.2,73,0,6.93
nagai,jp,38.120000000065545,140.10999999970886,38.14,139.98,63.63,75,44,1.36
kitimat,ca,53.11000000007323,-128.51000000004683,54.02,-128.69,51.8,81,90,4.7
oriximina,br,-0.24999999995408473,-56.46000000011236,-1.77,-55.87,81.27,86,56,2.71
erzincan,tr,39.50000000006625,38.86999999980094,39.75,39.49,60.8,77,40,4.7
kharan,pk,27.75000000006024,65.20999999977698,28.58,65.42,70.56,21,0,3.49
manavalakurichi,in,6.020000000049123,76.52999999976669,8.13,77.3,78.8,83,75,5.5
pathanamthitta,in,9.26000000005078,77.00999999976625,9.27,76.79,72.63,98,92,4.38
jutai,br,-5.41999999995673,-68.60000000010132,-1.71,-47.89,80.82,83,56,4.94
buchanan,lr,1.6600000000468924,-11.440000000153304,5.88,-10.05,75.15,100,92,5.95
semey,kz,50.5400000000719,78.98999999976445,50.41,80.25,63,62,68,2.48
vestmannaeyjar,is,56.69000000007503,-21.1200000001445,63.44,-20.27,49.23,89,8,7.29
mahina,pf,-13.409999999960817,-148.3200000000288,-17.51,-149.49,84.2,70,20,3.36
ladovskaya balka,ru,45.65000000006938,41.479999999798565,45.63,41.4,68.4,52,64,9.98
gaya,ne,11.200000000051773,4.18999999983248,11.88,3.46,83.43,66,32,4.61
tekirdag,tr,40.640000000066834,27.60999999981118,40.98,27.51,68,88,0,12.75
erenhot,cn,42.35000000006772,111.06999999973527,43.65,111.97,47.25,83,0,2.93
meadow lake,ca,55.90000000007464,-107.91000000006557,54.13,-108.44,75.2,31,20,9.17
kupang,id,-13.299999999960761,121.9299999997254,-10.16,123.6,73.26,100,0,7.63
alyangula,au,-13.70999999996097,136.37999999971225,-13.85,136.42,74.25,100,12,11.65
port-gentil,ga,-4.569999999956295,2.5699999998339536,-0.72,8.78,78.8,88,20,11.41
jining,cn,41.99000000006754,112.74999999973375,35.41,116.58,69.12,80,0,2.82
uray,ru,60.06000000007677,65.23999999977696,60.13,64.8,45.81,93,48,10.76
ashcroft,ca,50.46000000007186,-121.52000000005319,50.72,-121.28,77.9,22,90,9.17
salekhard,ru,66.09000000007984,66.90999999977544,66.54,66.62,34.92,76,92,6.96
marawi,sd,19.95000000005625,31.409999999807724,18.48,31.82,81.99,24,0,9.64
fougamou,ga,-1.4299999999546884,10.019999999827178,-1.22,10.59,74.07,96,68,1.81
lufilufi,ws,-2.7999999999553893,-165.54000000001315,-13.87,-171.6,83.7,100,88,13.56
lagoa,pt,46.070000000069626,-31.95000000013465,37.14,-8.45,62.6,88,0,9.17
tigil,ru,59.1700000000763,158.4199999996922,57.8,158.67,46.26,80,32,4.94
jalu,ly,26.1100000000594,22.8599999998155,29.03,21.55,84.96,21,0,10.09
lesozavodsk,ru,45.28000000006921,133.1399999997152,45.47,133.42,52.92,85,56,10.76
burgeo,ca,46.49000000006981,-58.180000000110795,47.61,-57.61,45.18,88,0,12.21
uige,ao,-6.4399999999572515,15.45999999982223,-7.61,15.06,62.01,53,0,4.38
maningrida,au,-9.899999999959022,133.15999999971518,-12.05,134.23,72.36,85,0,12.66
port shepstone,za,-35.179999999971955,37.269999999802394,-30.74,30.45,64.44,78,0,7.52
lokosovo,ru,60.23000000007687,74.57999999976846,61.13,74.84,68.58,36,0,11.65
hayvoron,ua,48.380000000070794,29.959999999809042,48.34,29.87,59.58,53,68,8.3
enterprise,us,31.360000000062087,-86.27000000008525,45.43,-117.28,75.2,36,1,16.11
phuket,th,7.510000000049885,98.64999999974657,7.89,98.4,77.54,83,75,1.12
yemelyanovo,ru,56.63000000007503,92.60999999975206,56.17,92.69,46.4,87,0,4.47
constitucion,mx,22.230000000057416,-116.51000000005774,23.99,-104.67,87.8,10,40,9.17
deoria,in,26.610000000059657,84.01999999975988,26.5,83.79,86.31,73,12,11.54
trelleborg,se,55.290000000074315,12.839999999824613,55.38,13.15,58.95,54,0,6.93
almaznyy,ru,64.67000000007914,115.34999999973138,48.03,40.04,52.83,57,0,6.73
shenjiamen,cn,28.350000000060547,124.94999999972265,29.96,122.3,70.92,98,88,6.96
tautira,pf,-17.02999999996267,-143.5100000000332,-17.73,-149.15,84.2,70,20,3.36
dingle,ie,50.60000000007193,-14.360000000150649,52.14,-10.27,63.72,83,64,6.17
meulaboh,id,2.0200000000470766,94.5499999997503,4.14,96.13,77.85,100,36,1.7
lompoc,us,23.06000000005784,-130.90000000004466,34.64,-120.46,67.05,59,1,17.22
yuzha,ru,56.59000000007501,42.08999999979801,56.58,42.01,48.96,58,12,11.77
kudahuvadhoo,mv,2.7200000000474347,66.80999999977553,2.67,72.89,83.16,100,92,15.01
sumenep,id,-6.619999999957344,113.59999999973297,-7.02,113.87,81.18,100,76,11.21
aripuana,br,-8.8799999999585,-58.21000000011077,-9.17,-60.63,83.16,77,20,2.37
brae,gb,64.28000000007893,0.4599999998358726,60.4,-1.35,50,76,92,11.41
marsaxlokk,mt,34.22000000006355,14.959999999822685,35.84,14.54,73.4,88,0,10.29
palmer,us,59.830000000076666,-145.2500000000316,61.6,-149.11,60.8,48,20,5.82
san rafael,ar,-35.86999999997231,-69.38000000010061,-34.61,-68.33,50.76,37,0,7.29
lardos,gr,34.94000000006392,28.649999999810234,36.09,28.02,78.8,47,0,5.82
belmonte,br,-17.98999999996316,-27.940000000138298,-26.84,-53.58,52.38,76,0,6.73
setermoen,no,68.13000000008088,18.929999999819074,68.86,18.35,35.6,93,75,11.41
santa marta,co,13.800000000053103,-74.80000000009568,11.24,-74.21,98.6,44,40,11.41
mao,td,13.680000000053042,15.619999999822085,14.12,15.31,83.79,17,0,8.86
coihaique,cl,-43.65999999997629,-71.68000000009852,-45.58,-72.07,34.5,99,90,3.36
